<?xml version="1.0" encoding="UTF-8" ?>
<!DOCTYPE mapper
        PUBLIC "-//mybatis.org//DTD Mapper 3.0//EN"
        "http://mybatis.org/dtd/mybatis-3-mapper.dtd">
<mapper namespace="com.study.weibo.dao.UserDao">
    <resultMap id="basemap" type="com.study.weibo.entity.User">
        <id property="id" column="user_id"/>
        <id property="nickname" column="user_nickbane"/>
        <id property="loginname" column="user_loginname"/>
        <id property="loginpwd" column="user_loginpwd"/>
        <id property="photo" column="user_photo"/>
        <id property="score" column="user_score"/>
        <id property="attionCount" column="user_attionCount"/>
    </resultMap>
    <select id="login" resultMap="basemap">
        select * from users where user_loginname=#{loginname}
        and user_loginpwd=#{loginpwd}
    </select>

    <insert id="insertUser">
        insert into users value(default,#{nickname},#{loginname}
        ,#{loginpwd},#{photo},#{score},#{attionCount});
    </insert>

</mapper>