<?xml version="1.0" encoding="UTF-8" ?>
<!DOCTYPE mapper
        PUBLIC "-//mybatis.org//DTD Mapper 3.0//EN"
        "http://mybatis.org/dtd/mybatis-3-mapper.dtd">
<mapper namespace="com.study.weibo.dao.WeiBoDao">
    <resultMap id="basemap" type="com.study.weibo.entity.WeiBo">
        <id property="id" column="wb_id"></id>
        <result property="title" column="wb_title"></result>
        <result property="userId" column="wb_userId"></result>
        <result property="content" column="wb_content"></result>
        <result property="createtime" column="wb_createtime"></result>
        <result property="readcount" column="wb_readcount"></result>
        <result property="img" column="wb_img"></result>

        <result property="userNickName" column="user_nickname"></result>
        <result property="userScore" column="user_score"></result>
    </resultMap>
    <select id="selectAll" resultMap="basemap">
        select w.*,u.user_nickname,u.user_score from weibos w
        join users u on w.wb_userid=u.user_id
    </select>

    <insert id="insertWeiBo">
        insert into weibos values (default ,#{userId},#{title},#{content},#{createtime},#{readcount},#{img})
    </insert>

</mapper>